{"cameraMode":{"drawMode":0,"name":"Shaded","section":"Shading Mode"},"sceneLighting":true,"audioPlay":false,"sceneViewState":{"showFog":true,"showMaterialUpdate":false,"showSkybox":true,"showFlares":true,"showImageEffects":true,"showParticleSystems":true},"in2DMode":false,"pivot":{"x":-1.059417963027954,"y":3.5204434394836427,"z":7.701533317565918},"rotation":{"x":-0.012938730418682099,"y":-0.9863920211791992,"z":0.13278304040431977,"w":-0.0961913987994194},"size":0.1330125331878662,"orthographic":false}